{
  "test-api.js": 1774955138.290856,
  "next-env.d.ts": 1775069652.5110724,
  "test-api-2.js": 1774955167.5204163,
  "next.config.ts": 1774947872.2995918,
  "list-models.js": 1775204003.0863543,
  "types/hark.d.ts": 1775557996.7122138,
  "app/layout.tsx": 1774954952.3024821,
  "app/page.tsx": 1775759395.624443,
  "app/api/config.ts": 1775568693.3673348,
  "app/api/chat/route.ts": 1775759395.6239698,
  "app/api/ingest/route.ts": 1775663722.7306287,
  "app/api/knowledge/route.ts": 1775663722.7299373,
  "app/api/tts/route.ts": 1775568743.6631687,
  "app/api/summary/route.ts": 1775759395.6241736,
  "components/CustomRealtimeCall.tsx": 1775759395.6247158,
  "components/chat/MessageBubble.tsx": 1774947353.822131,
  "components/chat/ChatInput.tsx": 1774947380.436091,
  "components/layout/Header.tsx": 1774947332.8010938,
  "components/modals/SummaryModal.tsx": 1774947405.3428085,
  "public/pcm-worker.js": 1775570692.008827,
  "hooks/useSpeech.ts": 1775068953.97824,
  "scripts/generate-fillers.js": 1775568793.3826392,
  "README.md": 1774939850.9816244,
  "GEMINI.md": 1775981894.491641,
  "AGENTS.md": 1774939877.2223535,
  "CLAUDE.md": 1775981910.5506468,
  "public/sounds/README.md": 1775202748.2780046,
  "public/file.svg": 1774939850.981633,
  "public/vercel.svg": 1774939850.9820743,
  "public/next.svg": 1774939850.9821298,
  "public/globe.svg": 1774939850.9820578,
  "public/window.svg": 1774939850.9820693,
  "public/sounds/filler-dang-nghe.mp3": 1775568827.9170659,
  "public/sounds/thinking-hum.mp3": 1775210316.5033164,
  "public/sounds/filler-nghe.mp3": 1775568824.5888782,
  "public/sounds/filler-um.mp3": 1775568823.3197367,
  "public/sounds/hum-short.mp3": 1775210316.6894264,
  "public/sounds/filler-hieu.mp3": 1775568826.2124243
}